ACA-122,MGW09,1/10/22,3/2/22
ACA-111,FGT01,1/10/22,5/9/22
ACA-111,FSY01,1/10/22,5/9/22
ACA-111,MAAP1,1/12/22,3/2/22
ACA-111,MJB02,1/10/22,3/2/22
ACA-111,MJB03,1/10/22,3/2/22
ACA-111,MJB06,1/10/22,3/2/22
ACA-111,MON01,1/10/22,3/5/22
ACA-111,MON02,1/10/22,3/5/22
ACA-111,MON03,3/14/22,5/9/22
ACA-122,MGB01,1/11/22,3/3/22
ACA-122,MGB06,3/15/22,5/5/22
ACA-122,MGB07,1/11/22,3/3/22
ACA-122,MGB08,1/11/22,3/3/22
ACA-122,MGW02,1/10/22,3/2/22
ACA-122,MGW03,1/10/22,3/2/22
ACA-122,MGW04,1/10/22,3/2/22
ACA-122,MGW05,1/12/22,3/2/22
ACA-122,MGW09,1/10/22,3/2/22
